{"v":"5.5.10","fr":25,"ip":0,"op":50,"w":1000,"h":1000,"nm":"23 - Thumbs Down","ddd":0,"assets":[],"layers":[{"ddd":0,"ind":1,"ty":4,"nm":"Thumb","parent":2,"sr":1,"ks":{"o":{"a":0,"k":100,"ix":11},"r":{"a":1,"k":[{"i":{"x":[0.667],"y":[1]},"o":{"x":[0.333],"y":[0]},"t":4,"s":[0]},{"i":{"x":[0.667],"y":[1]},"o":{"x":[0.333],"y":[0]},"t":16,"s":[16]},{"i":{"x":[0.667],"y":[1]},"o":{"x":[0.333],"y":[0]},"t":21,"s":[-8]},{"i":{"x":[0.667],"y":[1]},"o":{"x":[0.333],"y":[0]},"t":26,"s":[16]},{"i":{"x":[0.667],"y":[1]},"o":{"x":[0.333],"y":[0]},"t":31,"s":[-8]},{"i":{"x":[0.667],"y":[1]},"o":{"x":[0.333],"y":[0]},"t":35,"s":[8]},{"i":{"x":[0.667],"y":[1]},"o":{"x":[0.333],"y":[0]},"t":38,"s":[-4]},{"i":{"x":[0.667],"y":[1]},"o":{"x":[0.167],"y":[0]},"t":41,"s":[2]},{"t":44,"s":[0]}],"ix":10},"p":{"a":0,"k":[443.082,538.274,0],"ix":2},"a":{"a":0,"k":[443.082,538.274,0],"ix":1},"s":{"a":0,"k":[100,100,100],"ix":6}},"ao":0,"shapes":[{"ty":"gr","it":[{"ind":0,"ty":"sh","ix":1,"ks":{"a":0,"k":{"i":[[-19.498,-32.115],[21.792,-30.967],[0,-41.897],[0,118.136]],"o":[[0,0],[-21.792,30.968],[0,41.897],[0,-118.136]],"v":[[-8.029,-90.609],[-17.205,-3.441],[-64.23,99.178],[64.229,-22.939]],"c":true},"ix":2},"nm":"Path 1","mn":"ADBE Vector Shape - Group","hd":false},{"ty":"fl","c":{"a":0,"k":[0,0,0,1],"ix":4},"o":{"a":0,"k":100,"ix":5},"r":1,"bm":0,"nm":"Fill 1","mn":"ADBE Vector Graphic - Fill","hd":false},{"ty":"tr","p":{"a":0,"k":[507.312,423.879],"ix":2},"a":{"a":0,"k":[0,0],"ix":1},"s":{"a":0,"k":[100,100],"ix":3},"r":{"a":0,"k":0,"ix":6},"o":{"a":0,"k":100,"ix":7},"sk":{"a":0,"k":0,"ix":4},"sa":{"a":0,"k":0,"ix":5},"nm":"Transform"}],"nm":"Group 1","np":2,"cix":2,"bm":0,"ix":1,"mn":"ADBE Vector Group","hd":false}],"ip":0,"op":50,"st":0,"bm":0},{"ddd":0,"ind":2,"ty":4,"nm":"Hand","parent":3,"sr":1,"ks":{"o":{"a":0,"k":100,"ix":11},"r":{"a":1,"k":[{"i":{"x":[0.667],"y":[1]},"o":{"x":[0.333],"y":[0]},"t":2,"s":[0]},{"i":{"x":[0.667],"y":[1]},"o":{"x":[0.333],"y":[0]},"t":14,"s":[16]},{"i":{"x":[0.667],"y":[1]},"o":{"x":[0.333],"y":[0]},"t":19,"s":[-8]},{"i":{"x":[0.667],"y":[1]},"o":{"x":[0.333],"y":[0]},"t":24,"s":[16]},{"i":{"x":[0.667],"y":[1]},"o":{"x":[0.333],"y":[0]},"t":29,"s":[-8]},{"i":{"x":[0.667],"y":[1]},"o":{"x":[0.333],"y":[0]},"t":33,"s":[8]},{"i":{"x":[0.667],"y":[1]},"o":{"x":[0.333],"y":[0]},"t":36,"s":[-4]},{"i":{"x":[0.667],"y":[1]},"o":{"x":[0.167],"y":[0]},"t":39,"s":[2]},{"t":42,"s":[0]}],"ix":10},"p":{"a":0,"k":[443.083,575.752,0],"ix":2},"a":{"a":0,"k":[443.083,560.367,0],"ix":1},"s":{"a":0,"k":[100,100,100],"ix":6}},"ao":0,"shapes":[{"ty":"gr","it":[{"ind":0,"ty":"sh","ix":1,"ks":{"a":0,"k":{"i":[[12.394,4.836],[0,14.106],[18.37,0],[0,0],[0,0],[0,0],[0,-42.106],[0,0],[-7.601,0],[0,0],[0,0],[0,0],[0,18.371],[2.156,4.407],[0,14.449],[4.969,5.811],[0,14.315]],"o":[[12.394,-4.837],[0,-18.37],[0,0],[0,0],[0,0],[-42.106,0],[0,0],[0,7.601],[0,0],[0,0],[0,0],[18.37,0],[0,-5.235],[12.873,-4.591],[0,-8.247],[12.688,-4.69],[0,-14.107]],"v":[[107.271,-49.319],[128.458,-80.287],[95.197,-113.548],[89.462,-113.548],[52.759,-113.548],[-52.22,-113.548],[-128.458,-37.31],[-128.458,99.785],[-114.695,113.548],[20.292,113.548],[41.29,113.548],[62.728,113.548],[95.99,80.286],[92.591,65.711],[114.695,34.409],[106.709,12.822],[128.458,-18.351]],"c":true},"ix":2},"nm":"Path 1","mn":"ADBE Vector Shape - Group","hd":false},{"ty":"fl","c":{"a":0,"k":[0,0,0,1],"ix":4},"o":{"a":0,"k":100,"ix":5},"r":1,"bm":0,"nm":"Fill 1","mn":"ADBE Vector Graphic - Fill","hd":false},{"ty":"tr","p":{"a":0,"k":[571.541,560.367],"ix":2},"a":{"a":0,"k":[0,0],"ix":1},"s":{"a":0,"k":[100,100],"ix":3},"r":{"a":0,"k":0,"ix":6},"o":{"a":0,"k":100,"ix":7},"sk":{"a":0,"k":0,"ix":4},"sa":{"a":0,"k":0,"ix":5},"nm":"Transform"}],"nm":"Group 3","np":2,"cix":2,"bm":0,"ix":1,"mn":"ADBE Vector Group","hd":false}],"ip":0,"op":50,"st":0,"bm":0},{"ddd":0,"ind":3,"ty":4,"nm":"Wrist","sr":1,"ks":{"o":{"a":0,"k":100,"ix":11},"r":{"a":1,"k":[{"i":{"x":[0.667],"y":[1]},"o":{"x":[0.333],"y":[0]},"t":0,"s":[-180]},{"i":{"x":[0.667],"y":[1]},"o":{"x":[0.333],"y":[0]},"t":12,"s":[-196]},{"i":{"x":[0.667],"y":[1]},"o":{"x":[0.333],"y":[0]},"t":17,"s":[-172]},{"i":{"x":[0.667],"y":[1]},"o":{"x":[0.333],"y":[0]},"t":22,"s":[-196]},{"i":{"x":[0.667],"y":[1]},"o":{"x":[0.333],"y":[0]},"t":27,"s":[-172]},{"i":{"x":[0.667],"y":[1]},"o":{"x":[0.333],"y":[0]},"t":31,"s":[-188]},{"i":{"x":[0.667],"y":[1]},"o":{"x":[0.333],"y":[0]},"t":34,"s":[-176]},{"i":{"x":[0.667],"y":[1]},"o":{"x":[0.167],"y":[0]},"t":37,"s":[-182]},{"t":40,"s":[-180]}],"ix":10},"p":{"a":1,"k":[{"i":{"x":0.667,"y":1},"o":{"x":0.333,"y":0},"t":0,"s":[412.495,500,0],"to":[0,-6.667,0],"ti":[0,-6.667,0]},{"i":{"x":0.667,"y":1},"o":{"x":0.333,"y":0},"t":12,"s":[412.495,460,0],"to":[0,6.667,0],"ti":[0,-3.333,0]},{"i":{"x":0.667,"y":1},"o":{"x":0.333,"y":0},"t":17,"s":[412.495,540,0],"to":[0,3.333,0],"ti":[0,3.333,0]},{"i":{"x":0.667,"y":1},"o":{"x":0.333,"y":0},"t":22,"s":[412.495,480,0],"to":[0,-3.333,0],"ti":[0,-1.667,0]},{"i":{"x":0.667,"y":1},"o":{"x":0.333,"y":0},"t":27,"s":[412.495,520,0],"to":[0,1.667,0],"ti":[0,1.667,0]},{"i":{"x":0.667,"y":1},"o":{"x":0.333,"y":0},"t":31,"s":[412.495,490,0],"to":[0,-1.667,0],"ti":[0,-0.667,0]},{"i":{"x":0.667,"y":1},"o":{"x":0.333,"y":0},"t":34,"s":[412.495,510,0],"to":[0,0.667,0],"ti":[0,1.667,0]},{"i":{"x":0.667,"y":1},"o":{"x":0.333,"y":0},"t":37,"s":[412.495,494,0],"to":[0,-1.667,0],"ti":[0,-1,0]},{"t":40,"s":[412.495,500,0]}],"ix":2},"a":{"a":0,"k":[365.377,583.593,0],"ix":1},"s":{"a":0,"k":[-65,65,100],"ix":6}},"ao":0,"shapes":[{"ty":"gr","it":[{"ind":0,"ty":"sh","ix":1,"ks":{"a":0,"k":{"i":[[0,-6.334],[-6.334,0],[0,6.335],[6.335,0]],"o":[[0,6.335],[6.335,0],[0,-6.334],[-6.334,0]],"v":[[-11.469,-0.001],[0,11.469],[11.47,-0.001],[0,-11.47]],"c":true},"ix":2},"nm":"Path 1","mn":"ADBE Vector Shape - Group","hd":false},{"ty":"fl","c":{"a":0,"k":[1,1,1,1],"ix":4},"o":{"a":0,"k":100,"ix":5},"r":1,"bm":0,"nm":"Fill 1","mn":"ADBE Vector Graphic - Fill","hd":false},{"ty":"tr","p":{"a":0,"k":[405.52,501.586],"ix":2},"a":{"a":0,"k":[0,0],"ix":1},"s":{"a":0,"k":[100,100],"ix":3},"r":{"a":0,"k":0,"ix":6},"o":{"a":0,"k":100,"ix":7},"sk":{"a":0,"k":0,"ix":4},"sa":{"a":0,"k":0,"ix":5},"nm":"Transform"}],"nm":"Group 2","np":2,"cix":2,"bm":0,"ix":1,"mn":"ADBE Vector Group","hd":false},{"ty":"gr","it":[{"ind":0,"ty":"sh","ix":1,"ks":{"a":0,"k":{"i":[[7.602,0],[0,0],[0,7.602],[0,0],[-7.601,0],[0,0],[0,-7.602],[0,0]],"o":[[0,0],[-7.601,0],[0,0],[0,-7.602],[0,0],[7.602,0],[0,0],[0,7.602]],"v":[[51.613,107.24],[-51.613,107.24],[-65.376,93.477],[-65.376,-93.477],[-51.613,-107.24],[51.613,-107.24],[65.376,-93.477],[65.376,93.477]],"c":true},"ix":2},"nm":"Path 1","mn":"ADBE Vector Shape - Group","hd":false},{"ty":"fl","c":{"a":0,"k":[0,0,0,1],"ix":4},"o":{"a":0,"k":100,"ix":5},"r":1,"bm":0,"nm":"Fill 1","mn":"ADBE Vector Graphic - Fill","hd":false},{"ty":"tr","p":{"a":0,"k":[365.377,583.593],"ix":2},"a":{"a":0,"k":[0,0],"ix":1},"s":{"a":0,"k":[100,100],"ix":3},"r":{"a":0,"k":0,"ix":6},"o":{"a":0,"k":100,"ix":7},"sk":{"a":0,"k":0,"ix":4},"sa":{"a":0,"k":0,"ix":5},"nm":"Transform"}],"nm":"Group 4","np":2,"cix":2,"bm":0,"ix":2,"mn":"ADBE Vector Group","hd":false}],"ip":0,"op":50,"st":0,"bm":0}],"markers":[]}