{"v":"5.7.4","fr":20,"ip":0,"op":90,"w":512,"h":512,"nm":"twitter","ddd":0,"assets":[],"layers":[{"ddd":0,"ind":1,"ty":4,"nm":"head up","sr":1,"ks":{"o":{"a":0,"k":100,"ix":11},"r":{"a":1,"k":[{"i":{"x":[0.667],"y":[1]},"o":{"x":[0.333],"y":[0]},"t":30,"s":[10]},{"t":60,"s":[0]}],"ix":10},"p":{"a":0,"k":[415.722,125.421,0],"ix":2,"l":2},"a":{"a":0,"k":[0,54.229,0],"ix":1,"l":2},"s":{"a":0,"k":[100,100,100],"ix":6,"l":2}},"ao":0,"shapes":[{"ty":"gr","it":[{"ind":0,"ty":"sh","ix":1,"ks":{"a":0,"k":{"i":[[-0.819,0.411],[-7.108,22.395],[22.001,-4.404],[0,0],[-4.076,-11.06]],"o":[[19.699,-11.992],[-18.698,11.148],[0,0],[7.866,8.936],[0.802,-0.401]],"v":[[20.064,53.01],[61.916,0],[0.572,23.417],[0,23.737],[17.63,54.229]],"c":true},"ix":2},"nm":"Path 1","mn":"ADBE Vector Shape - Group","hd":false},{"ty":"fl","c":{"a":0,"k":[0.113725490196,0.63137254902,0.952941176471,1],"ix":4},"o":{"a":0,"k":100,"ix":5},"r":1,"bm":0,"nm":"Fill 1","mn":"ADBE Vector Graphic - Fill","hd":false},{"ty":"tr","p":{"a":0,"k":[0,0],"ix":2},"a":{"a":0,"k":[0,0],"ix":1},"s":{"a":0,"k":[100,100],"ix":3},"r":{"a":0,"k":0,"ix":6},"o":{"a":0,"k":100,"ix":7},"sk":{"a":0,"k":0,"ix":4},"sa":{"a":0,"k":0,"ix":5},"nm":"Transform"}],"nm":"Path 4624","np":2,"cix":2,"bm":0,"ix":1,"mn":"ADBE Vector Group","hd":false}],"ip":30,"op":67,"st":-15,"bm":0},{"ddd":0,"ind":2,"ty":4,"nm":"head down","sr":1,"ks":{"o":{"a":0,"k":100,"ix":11},"r":{"a":1,"k":[{"i":{"x":[0.667],"y":[1]},"o":{"x":[0.333],"y":[0]},"t":30,"s":[-15]},{"t":60,"s":[0]}],"ix":10},"p":{"a":0,"k":[433.889,160.966,0],"ix":2,"l":2},"a":{"a":0,"k":[0,50.455,0],"ix":1,"l":2},"s":{"a":0,"k":[100,100,100],"ix":6,"l":2}},"ao":0,"shapes":[{"ty":"gr","it":[{"ind":0,"ty":"sh","ix":1,"ks":{"a":0,"k":{"i":[[0.777,-0.078],[-1.411,-11.562],[-0.333,0.089],[-13.145,19.57],[0,0],[19.505,-2.477]],"o":[[4.272,11.409],[0.339,-0.076],[19.172,-13.621],[0,0],[-17.558,7.688],[0.018,-0.009]],"v":[[0,15.457],[8.231,50.455],[9.24,50.208],[57.688,0.02],[57.688,0],[1.947,15.277]],"c":true},"ix":2},"nm":"Path 1","mn":"ADBE Vector Shape - Group","hd":false},{"ty":"fl","c":{"a":0,"k":[0.113725490196,0.63137254902,0.952941176471,1],"ix":4},"o":{"a":0,"k":100,"ix":5},"r":1,"bm":0,"nm":"Fill 1","mn":"ADBE Vector Graphic - Fill","hd":false},{"ty":"tr","p":{"a":0,"k":[0,0],"ix":2},"a":{"a":0,"k":[0,0],"ix":1},"s":{"a":0,"k":[100,100],"ix":3},"r":{"a":0,"k":0,"ix":6},"o":{"a":0,"k":100,"ix":7},"sk":{"a":0,"k":0,"ix":4},"sa":{"a":0,"k":0,"ix":5},"nm":"Transform"}],"nm":"Path 4625","np":2,"cix":2,"bm":0,"ix":1,"mn":"ADBE Vector Group","hd":false}],"ip":30,"op":67,"st":-15,"bm":0},{"ddd":0,"ind":3,"ty":4,"nm":"wing","sr":1,"ks":{"o":{"a":0,"k":100,"ix":11},"r":{"a":1,"k":[{"i":{"x":[0],"y":[1]},"o":{"x":[0.333],"y":[0]},"t":30,"s":[-31]},{"t":60,"s":[0]}],"ix":10},"p":{"a":0,"k":[281.228,83.651,0],"ix":2,"l":2},"a":{"a":0,"k":[241.883,0,0],"ix":1,"l":2},"s":{"a":0,"k":[100,100,100],"ix":6,"l":2}},"ao":0,"shapes":[{"ty":"gr","it":[{"ind":0,"ty":"sh","ix":1,"ks":{"a":1,"k":[{"i":{"x":0,"y":1},"o":{"x":0.333,"y":0},"t":30,"s":[{"i":[[27.225,60.467],[-0.384,-1.695],[92.048,-5.392],[-17.832,-0.11],[-25.737,-17.203],[12.917,7.098],[0,0],[-43.981,-9.005],[8.907,0],[5.86,1.298],[-40.937,-2.167],[-30.097,7.595]],"o":[[0.278,1.735],[-80.414,-3.933],[12.723,5.277],[9.354,0.058],[-15.552,-0.295],[0,0],[25.946,-2.204],[-7.883,2.163],[-6.193,0],[12.225,37.383],[23.166,-6.092],[65.202,-16.453]],"v":[[212.394,96.05],[213.384,101.197],[-28.593,198.997],[1.273,203.804],[48.633,204.584],[-9.929,225.158],[0.616,229.057],[77.504,213.502],[52.142,216.687],[33.837,215.036],[121.199,282.308],[201.53,261.615]],"c":true}]},{"t":60,"s":[{"i":[[27.225,60.467],[-0.384,-1.695],[47.816,58.729],[0,-17.832],[-25.737,-17.203],[12.917,7.098],[0,0],[-43.981,-9.005],[8.907,0],[5.86,1.298],[-40.938,-2.167],[-30.098,7.595]],"o":[[0.278,1.735],[-80.414,-3.933],[-8.336,14.491],[0,33.503],[-15.552,-0.295],[0,0],[0,47.01],[-7.883,2.163],[-6.193,0],[12.225,37.383],[23.166,-6.092],[65.202,-16.453]],"v":[[212.394,96.05],[213.384,101.197],[13.979,0],[0.728,48.898],[43.708,129.293],[0,117.378],[0,118.44],[77.504,213.502],[52.142,216.687],[33.837,215.036],[121.199,282.308],[201.53,261.615]],"c":true}]}],"ix":2},"nm":"Path 1","mn":"ADBE Vector Shape - Group","hd":false},{"ty":"fl","c":{"a":0,"k":[0.113725490196,0.63137254902,0.952941176471,1],"ix":4},"o":{"a":0,"k":100,"ix":5},"r":1,"bm":0,"nm":"Fill 1","mn":"ADBE Vector Graphic - Fill","hd":false},{"ty":"tr","p":{"a":0,"k":[0,0],"ix":2},"a":{"a":0,"k":[0,0],"ix":1},"s":{"a":0,"k":[100,100],"ix":3},"r":{"a":0,"k":0,"ix":6},"o":{"a":0,"k":100,"ix":7},"sk":{"a":0,"k":0,"ix":4},"sa":{"a":0,"k":0,"ix":5},"nm":"Transform"}],"nm":"Path 4627","np":2,"cix":2,"bm":0,"ix":1,"mn":"ADBE Vector Group","hd":false}],"ip":22,"op":67,"st":22,"bm":0},{"ddd":0,"ind":4,"ty":4,"nm":"Shape Layer 1","td":1,"sr":1,"ks":{"o":{"a":0,"k":100,"ix":11},"r":{"a":0,"k":0,"ix":10},"p":{"a":0,"k":[256,256,0],"ix":2,"l":2},"a":{"a":0,"k":[0,0,0],"ix":1,"l":2},"s":{"a":0,"k":[100,100,100],"ix":6,"l":2}},"ao":0,"hasMask":true,"masksProperties":[{"inv":false,"mode":"a","pt":{"a":0,"k":{"i":[[234.052,5.135],[-171.303,175.07],[1.558,134.517],[-17.325,-151.006]],"o":[[0,0],[0,0],[-1.557,-134.517],[0,0]],"v":[[-235.5,148.635],[118.56,100.12],[187.886,-95.735],[-3.241,-72.535]],"c":true},"ix":1},"o":{"a":0,"k":100,"ix":3},"x":{"a":0,"k":0,"ix":4},"nm":"Mask 1"}],"shapes":[{"ty":"gr","it":[{"ind":0,"ty":"sh","ix":1,"ks":{"a":0,"k":{"i":[[0,0],[100,-82],[80,22]],"o":[[0,0],[-100,82],[-80,-22]],"v":[[98,-250],[20,74],[-290,138]],"c":false},"ix":2},"nm":"Path 1","mn":"ADBE Vector Shape - Group","hd":false},{"ty":"tm","s":{"a":0,"k":0,"ix":1},"e":{"a":1,"k":[{"i":{"x":[0],"y":[1]},"o":{"x":[0.333],"y":[0]},"t":0,"s":[0]},{"t":60,"s":[100]}],"ix":2},"o":{"a":0,"k":0,"ix":3},"m":1,"ix":2,"nm":"Trim Paths 1","mn":"ADBE Vector Filter - Trim","hd":false},{"ty":"st","c":{"a":0,"k":[0.113725490196,0.63137254902,0.952941176471,1],"ix":3},"o":{"a":0,"k":100,"ix":4},"w":{"a":0,"k":250,"ix":5},"lc":2,"lj":2,"bm":0,"nm":"Stroke 1","mn":"ADBE Vector Graphic - Stroke","hd":false},{"ty":"tr","p":{"a":0,"k":[0,0],"ix":2},"a":{"a":0,"k":[0,0],"ix":1},"s":{"a":0,"k":[100,100],"ix":3},"r":{"a":0,"k":0,"ix":6},"o":{"a":0,"k":100,"ix":7},"sk":{"a":0,"k":0,"ix":4},"sa":{"a":0,"k":0,"ix":5},"nm":"Transform"}],"nm":"Shape 1","np":4,"cix":2,"bm":0,"ix":1,"mn":"ADBE Vector Group","hd":false}],"ip":0,"op":67,"st":0,"bm":0},{"ddd":0,"ind":5,"ty":4,"nm":"body","tt":1,"sr":1,"ks":{"o":{"a":0,"k":100,"ix":11},"r":{"a":0,"k":0,"ix":10},"p":{"a":0,"k":[231.70599999999996,256.179,0],"ix":2,"l":2},"a":{"a":0,"k":[211.706,192.179,0],"ix":1,"l":2},"s":{"a":0,"k":[100,100,100],"ix":6,"l":2}},"ao":0,"shapes":[{"ty":"gr","it":[{"ind":0,"ty":"sh","ix":1,"ks":{"a":0,"k":{"i":[[234.052,5.135],[-171.303,175.07],[1.558,134.517],[-17.325,-151.006]],"o":[[0,0],[0,0],[-1.557,-134.517],[0,0]],"v":[[0,340.135],[354.06,291.62],[423.386,95.765],[232.259,118.965]],"c":true},"ix":2},"nm":"Path 1","mn":"ADBE Vector Shape - Group","hd":false},{"ty":"fl","c":{"a":0,"k":[0.113725490196,0.63137254902,0.952941176471,1],"ix":4},"o":{"a":0,"k":100,"ix":5},"r":1,"bm":0,"nm":"Fill 1","mn":"ADBE Vector Graphic - Fill","hd":false},{"ty":"tr","p":{"a":0,"k":[0,0],"ix":2},"a":{"a":0,"k":[0,0],"ix":1},"s":{"a":0,"k":[100,100],"ix":3},"r":{"a":0,"k":0,"ix":6},"o":{"a":0,"k":100,"ix":7},"sk":{"a":0,"k":0,"ix":4},"sa":{"a":0,"k":0,"ix":5},"nm":"Transform"}],"nm":"Path 4626","np":2,"cix":2,"bm":0,"ix":1,"mn":"ADBE Vector Group","hd":false}],"ip":0,"op":67,"st":0,"bm":0}],"markers":[{"tm":0,"cm":"start","dr":0},{"tm":60,"cm":"end","dr":0}]}